Experiment,Function,TPS,Throughput_TPS,Avg_Latency_s,CPU_avg_%,CPU_max_%,Mem_avg_GB,Mem_max_GB
4n-10s-ibft-v24.7.0_20260124_042244,open,160,63.7,11.4,0.11341145833333328,0.3604166666666666,0.70325,1.04
4n-10s-ibft-v24.7.0_20260124_042244,open,180,69.6,6.01,0.11341145833333328,0.3604166666666666,0.70325,1.04
4n-10s-ibft-v24.7.0_20260124_042244,open,200,73.9,9.88,0.11341145833333328,0.3604166666666666,0.70325,1.04
4n-10s-ibft-v24.7.0_20260124_042244,open,220,94.0,7.12,0.11341145833333328,0.3604166666666666,0.70325,1.04
4n-10s-ibft-v24.7.0_20260124_042244,query,500,501.0,0.0,0.004843749999999975,0.0120833333333333,0.7225,1.1
4n-10s-ibft-v24.7.0_20260124_042244,query,600,535.3,0.0,0.004843749999999975,0.0120833333333333,0.7225,1.1
4n-10s-ibft-v24.7.0_20260124_042244,query,700,546.7,0.0,0.004843749999999975,0.0120833333333333,0.7225,1.1
4n-10s-ibft-v24.7.0_20260124_042244,query,800,587.9,0.0,0.004843749999999975,0.0120833333333333,0.7225,1.1
4n-10s-ibft-v24.7.0_20260124_042244,transfer,100,25.3,1.72,0.004479166666666638,0.0195833333333333,0.70775,1.02
4n-10s-ibft-v24.7.0_20260124_042244,transfer,110,4.8,4.36,0.004479166666666638,0.0195833333333333,0.70775,1.02
4n-10s-ibft-v24.7.0_20260124_042244,transfer,120,64.9,0.56,0.004479166666666638,0.0195833333333333,0.70775,1.02
4n-10s-ibft-v24.7.0_20260124_042244,transfer,130,79.1,0.44,0.004479166666666638,0.0195833333333333,0.70775,1.02
4n-10s-ibft-v25.12.0_20260124_035539,open,160,57.0,12.61,0.09377604166666663,0.32625,0.70975,1.19
4n-10s-ibft-v25.12.0_20260124_035539,open,180,67.1,6.93,0.09377604166666663,0.32625,0.70975,1.19
4n-10s-ibft-v25.12.0_20260124_035539,open,200,75.0,8.88,0.09377604166666663,0.32625,0.70975,1.19
4n-10s-ibft-v25.12.0_20260124_035539,open,220,101.9,5.85,0.09377604166666663,0.32625,0.70975,1.19
4n-10s-ibft-v25.12.0_20260124_035539,query,500,500.8,0.0,0.0053645833333333,0.0133333333333333,0.568359375,0.8876953125
4n-10s-ibft-v25.12.0_20260124_035539,query,600,572.1,0.0,0.0053645833333333,0.0133333333333333,0.568359375,0.8876953125
4n-10s-ibft-v25.12.0_20260124_035539,query,700,567.9,0.0,0.0053645833333333,0.0133333333333333,0.568359375,0.8876953125
4n-10s-ibft-v25.12.0_20260124_035539,query,800,559.6,0.0,0.0053645833333333,0.0133333333333333,0.568359375,0.8876953125
4n-10s-ibft-v25.12.0_20260124_035539,transfer,100,4.8,4.33,0.012447916666666631,0.0495833333333333,0.50836181640625,0.5908203125
4n-10s-ibft-v25.12.0_20260124_035539,transfer,110,4.8,9.27,0.012447916666666631,0.0495833333333333,0.50836181640625,0.5908203125
4n-10s-ibft-v25.12.0_20260124_035539,transfer,120,78.2,0.43,0.012447916666666631,0.0495833333333333,0.50836181640625,0.5908203125
4n-10s-ibft-v25.12.0_20260124_035539,transfer,130,5.7,8.61,0.012447916666666631,0.0495833333333333,0.50836181640625,0.5908203125
4n-10s-qbft-v24.7.0_20260124_043110,open,160,65.3,10.94,0.15669270833333332,0.3525,0.6583333333333333,1.18
4n-10s-qbft-v24.7.0_20260124_043110,open,180,66.6,6.02,0.15669270833333332,0.3525,0.6583333333333333,1.18
4n-10s-qbft-v24.7.0_20260124_043110,open,200,72.4,10.16,0.15669270833333332,0.3525,0.6583333333333333,1.18
4n-10s-qbft-v24.7.0_20260124_043110,open,220,100.2,6.61,0.15669270833333332,0.3525,0.6583333333333333,1.18
4n-10s-qbft-v24.7.0_20260124_043110,query,500,500.5,0.0,0.005781249999999969,0.01125,0.757625,1.46
4n-10s-qbft-v24.7.0_20260124_043110,query,600,573.4,0.0,0.005781249999999969,0.01125,0.757625,1.46
4n-10s-qbft-v24.7.0_20260124_043110,query,700,551.3,0.0,0.005781249999999969,0.01125,0.757625,1.46
4n-10s-qbft-v24.7.0_20260124_043110,query,800,582.8,0.0,0.005781249999999969,0.01125,0.757625,1.46
4n-10s-qbft-v24.7.0_20260124_043110,transfer,100,19.2,2.34,0.006015624999999969,0.02,0.7785624999999999,1.47
4n-10s-qbft-v24.7.0_20260124_043110,transfer,110,4.8,5.32,0.006015624999999969,0.02,0.7785624999999999,1.47
4n-10s-qbft-v24.7.0_20260124_043110,transfer,120,69.2,0.51,0.006015624999999969,0.02,0.7785624999999999,1.47
4n-10s-qbft-v24.7.0_20260124_043110,transfer,130,5.1,9.62,0.006015624999999969,0.02,0.7785624999999999,1.47
4n-10s-qbft-v25.12.0_20260124_032854,open,160,60.2,10.61,0.11432291666666664,0.2475,0.7705,1.11
4n-10s-qbft-v25.12.0_20260124_032854,open,180,67.1,6.01,0.11432291666666664,0.2475,0.7705,1.11
4n-10s-qbft-v25.12.0_20260124_032854,open,200,66.6,10.5,0.11432291666666664,0.2475,0.7705,1.11
4n-10s-qbft-v25.12.0_20260124_032854,open,220,70.4,5.32,0.11432291666666664,0.2475,0.7705,1.11
4n-10s-qbft-v25.12.0_20260124_032854,query,500,501.0,0.0,0.008046874999999962,0.0191666666666666,0.652587890625,0.853515625
4n-10s-qbft-v25.12.0_20260124_032854,query,600,592.8,0.0,0.008046874999999962,0.0191666666666666,0.652587890625,0.853515625
4n-10s-qbft-v25.12.0_20260124_032854,query,700,564.3,0.0,0.008046874999999962,0.0191666666666666,0.652587890625,0.853515625
4n-10s-qbft-v25.12.0_20260124_032854,query,800,586.5,0.0,0.008046874999999962,0.0191666666666666,0.652587890625,0.853515625
4n-10s-qbft-v25.12.0_20260124_032854,transfer,100,9.0,5.29,0.04671874999999996,0.4783333333333333,0.67083740234375,0.85546875
4n-10s-qbft-v25.12.0_20260124_032854,transfer,110,4.9,9.99,0.04671874999999996,0.4783333333333333,0.67083740234375,0.85546875
4n-10s-qbft-v25.12.0_20260124_032854,transfer,120,4.9,9.93,0.04671874999999996,0.4783333333333333,0.67083740234375,0.85546875
4n-10s-qbft-v25.12.0_20260124_032854,transfer,130,5.0,9.79,0.04671874999999996,0.4783333333333333,0.67083740234375,0.85546875
4n-15s-ibft-v25.10.0_20260124_135544,open,160,46.8,8.49,0.16315104166666664,0.36,0.5775146484375,0.81640625
4n-15s-ibft-v25.10.0_20260124_135544,open,180,66.1,10.39,0.16315104166666664,0.36,0.5775146484375,0.81640625
4n-15s-ibft-v25.10.0_20260124_135544,open,200,100.1,5.62,0.16315104166666664,0.36,0.5775146484375,0.81640625
4n-15s-ibft-v25.10.0_20260124_135544,open,220,96.7,6.31,0.16315104166666664,0.36,0.5775146484375,0.81640625
4n-15s-ibft-v25.10.0_20260124_135544,query,500,501.3,0.0,0.0073958333333333,0.0208333333333333,0.59375,0.6435546875
4n-15s-ibft-v25.10.0_20260124_135544,query,600,598.8,0.0,0.0073958333333333,0.0208333333333333,0.59375,0.6435546875
4n-15s-ibft-v25.10.0_20260124_135544,query,700,586.5,0.0,0.0073958333333333,0.0208333333333333,0.59375,0.6435546875
4n-15s-ibft-v25.10.0_20260124_135544,query,800,591.4,0.0,0.0073958333333333,0.0208333333333333,0.59375,0.6435546875
4n-15s-ibft-v25.10.0_20260124_135544,transfer,100,4.7,10.42,0.016927083333333294,0.0825,0.59320068359375,0.630859375
4n-15s-ibft-v25.10.0_20260124_135544,transfer,110,4.8,10.27,0.016927083333333294,0.0825,0.59320068359375,0.630859375
4n-15s-ibft-v25.10.0_20260124_135544,transfer,120,4.8,10.11,0.016927083333333294,0.0825,0.59320068359375,0.630859375
4n-15s-ibft-v25.10.0_20260124_135544,transfer,130,7.1,6.82,0.016927083333333294,0.0825,0.59320068359375,0.630859375
4n-15s-qbft-v25.10.0_20260124_124946,open,160,47.3,13.0,0.1280989583333333,0.2799999999999999,0.6672500000000001,1.08
4n-15s-qbft-v25.10.0_20260124_124946,open,180,48.9,6.5,0.1280989583333333,0.2799999999999999,0.6672500000000001,1.08
4n-15s-qbft-v25.10.0_20260124_124946,open,200,64.5,11.21,0.1280989583333333,0.2799999999999999,0.6672500000000001,1.08
4n-15s-qbft-v25.10.0_20260124_124946,open,220,99.7,6.01,0.1280989583333333,0.2799999999999999,0.6672500000000001,1.08
4n-15s-qbft-v25.10.0_20260124_124946,query,500,501.3,0.0,0.004609374999999969,0.0116666666666666,0.6878125,1.08
4n-15s-qbft-v25.10.0_20260124_124946,query,600,591.4,0.0,0.004609374999999969,0.0116666666666666,0.6878125,1.08
4n-15s-qbft-v25.10.0_20260124_124946,query,700,629.3,0.0,0.004609374999999969,0.0116666666666666,0.6878125,1.08
4n-15s-qbft-v25.10.0_20260124_124946,query,800,587.9,0.0,0.004609374999999969,0.0116666666666666,0.6878125,1.08
4n-15s-qbft-v25.10.0_20260124_124946,transfer,100,5.2,9.42,0.010937499999999975,0.0529166666666666,0.6904375,1.08
4n-15s-qbft-v25.10.0_20260124_124946,transfer,110,4.9,10.07,0.010937499999999975,0.0529166666666666,0.6904375,1.08
4n-15s-qbft-v25.10.0_20260124_124946,transfer,120,9.5,5.08,0.010937499999999975,0.0529166666666666,0.6904375,1.08
4n-15s-qbft-v25.10.0_20260124_124946,transfer,130,4.7,10.33,0.010937499999999975,0.0529166666666666,0.6904375,1.08
4n-5s-ibft-v25.12.0_20260124_030515,open,160,91.5,6.45,0.22947916666666662,0.3729166666666666,0.6816249999999999,1.07
4n-5s-ibft-v25.12.0_20260124_030515,open,180,97.9,5.18,0.22947916666666662,0.3729166666666666,0.6816249999999999,1.07
4n-5s-ibft-v25.12.0_20260124_030515,open,200,99.2,5.7,0.22947916666666662,0.3729166666666666,0.6816249999999999,1.07
4n-5s-ibft-v25.12.0_20260124_030515,open,220,107.4,5.08,0.22947916666666662,0.3729166666666666,0.6816249999999999,1.07
4n-5s-ibft-v25.12.0_20260124_030515,query,500,501.3,0.0,0.011171874999999956,0.04,0.555419921875,0.7783203125
4n-5s-ibft-v25.12.0_20260124_030515,query,600,591.0,0.0,0.011171874999999956,0.04,0.555419921875,0.7783203125
4n-5s-ibft-v25.12.0_20260124_030515,query,700,585.8,0.0,0.011171874999999956,0.04,0.555419921875,0.7783203125
4n-5s-ibft-v25.12.0_20260124_030515,query,800,582.4,0.0,0.011171874999999956,0.04,0.555419921875,0.7783203125
4n-5s-ibft-v25.12.0_20260124_030515,transfer,100,10.0,4.69,0.017447916666666632,0.0641666666666666,0.54339599609375,0.609375
4n-5s-ibft-v25.12.0_20260124_030515,transfer,110,9.6,4.48,0.017447916666666632,0.0641666666666666,0.54339599609375,0.609375
4n-5s-ibft-v25.12.0_20260124_030515,transfer,120,9.2,3.22,0.017447916666666632,0.0641666666666666,0.54339599609375,0.609375
4n-5s-ibft-v25.12.0_20260124_030515,transfer,130,9.3,0.65,0.017447916666666632,0.0641666666666666,0.54339599609375,0.609375
4n-5s-qbft-v25.12.0_20260124_023659,open,160,89.8,5.21,0.024453124999999958,0.0804166666666666,0.68025,1.01
4n-5s-qbft-v25.12.0_20260124_023659,open,180,101.1,4.41,0.024453124999999958,0.0804166666666666,0.68025,1.01
4n-5s-qbft-v25.12.0_20260124_023659,open,200,105.0,4.12,0.024453124999999958,0.0804166666666666,0.68025,1.01
4n-5s-qbft-v25.12.0_20260124_023659,open,220,109.5,4.19,0.024453124999999958,0.0804166666666666,0.68025,1.01
4n-5s-qbft-v25.12.0_20260124_023659,query,500,501.0,0.0,0.009036458333333292,0.0229166666666666,0.56787109375,0.771484375
4n-5s-qbft-v25.12.0_20260124_023659,query,600,591.0,0.0,0.009036458333333292,0.0229166666666666,0.56787109375,0.771484375
4n-5s-qbft-v25.12.0_20260124_023659,query,700,563.4,0.0,0.009036458333333292,0.0229166666666666,0.56787109375,0.771484375
4n-5s-qbft-v25.12.0_20260124_023659,query,800,569.8,0.0,0.009036458333333292,0.0229166666666666,0.56787109375,0.771484375
4n-5s-qbft-v25.12.0_20260124_023659,transfer,100,13.2,3.54,0.01408854166666663,0.0654166666666666,0.5526123046875,0.5908203125
4n-5s-qbft-v25.12.0_20260124_023659,transfer,110,9.5,4.82,0.01408854166666663,0.0654166666666666,0.5526123046875,0.5908203125
4n-5s-qbft-v25.12.0_20260124_023659,transfer,120,9.5,4.72,0.01408854166666663,0.0654166666666666,0.5526123046875,0.5908203125
4n-5s-qbft-v25.12.0_20260124_023659,transfer,130,9.9,4.83,0.01408854166666663,0.0654166666666666,0.5526123046875,0.5908203125
6n-10s-ibft-v25.12.0_20260124_040424,open,160,56.9,11.03,0.0644270833333333,0.1758333333333333,0.691,1.11
6n-10s-ibft-v25.12.0_20260124_040424,open,180,67.9,6.32,0.0644270833333333,0.1758333333333333,0.691,1.11
6n-10s-ibft-v25.12.0_20260124_040424,open,200,66.6,10.78,0.0644270833333333,0.1758333333333333,0.691,1.11
6n-10s-ibft-v25.12.0_20260124_040424,open,220,70.4,5.77,0.0644270833333333,0.1758333333333333,0.691,1.11
6n-10s-ibft-v25.12.0_20260124_040424,query,500,501.0,0.0,0.008541666666666626,0.0170833333333333,0.7161666666666667,1.11
6n-10s-ibft-v25.12.0_20260124_040424,query,600,587.9,0.0,0.008541666666666626,0.0170833333333333,0.7161666666666667,1.11
6n-10s-ibft-v25.12.0_20260124_040424,query,700,570.1,0.0,0.008541666666666626,0.0170833333333333,0.7161666666666667,1.11
6n-10s-ibft-v25.12.0_20260124_040424,query,800,579.0,0.0,0.008541666666666626,0.0170833333333333,0.7161666666666667,1.11
6n-10s-ibft-v25.12.0_20260124_040424,transfer,100,11.2,4.22,0.0074305555555555245,0.0370833333333333,0.7174166666666667,1.11
6n-10s-ibft-v25.12.0_20260124_040424,transfer,110,4.8,6.37,0.0074305555555555245,0.0370833333333333,0.7174166666666667,1.11
6n-10s-ibft-v25.12.0_20260124_040424,transfer,120,5.0,9.88,0.0074305555555555245,0.0370833333333333,0.7174166666666667,1.11
6n-10s-ibft-v25.12.0_20260124_040424,transfer,130,4.8,9.05,0.0074305555555555245,0.0370833333333333,0.7174166666666667,1.11
6n-10s-qbft-v25.12.0_20260124_033749,open,160,52.1,14.27,0.14090277777777774,0.2829166666666666,0.6626666666666666,1.09
6n-10s-qbft-v25.12.0_20260124_033749,open,180,65.2,8.83,0.14090277777777774,0.2829166666666666,0.6626666666666666,1.09
6n-10s-qbft-v25.12.0_20260124_033749,open,200,87.0,7.26,0.14090277777777774,0.2829166666666666,0.6626666666666666,1.09
6n-10s-qbft-v25.12.0_20260124_033749,open,220,92.4,6.84,0.14090277777777774,0.2829166666666666,0.6626666666666666,1.09
6n-10s-qbft-v25.12.0_20260124_033749,query,500,500.8,0.0,0.004097222222222179,0.01125,0.6685833333333333,1.09
6n-10s-qbft-v25.12.0_20260124_033749,query,600,591.0,0.0,0.004097222222222179,0.01125,0.6685833333333333,1.09
6n-10s-qbft-v25.12.0_20260124_033749,query,700,579.4,0.0,0.004097222222222179,0.01125,0.6685833333333333,1.09
6n-10s-qbft-v25.12.0_20260124_033749,query,800,585.8,0.0,0.004097222222222179,0.01125,0.6685833333333333,1.09
6n-10s-qbft-v25.12.0_20260124_033749,transfer,100,5.2,9.45,0.009774305555555522,0.0420833333333333,0.6429166666666667,1.09
6n-10s-qbft-v25.12.0_20260124_033749,transfer,110,4.8,4.58,0.009774305555555522,0.0420833333333333,0.6429166666666667,1.09
6n-10s-qbft-v25.12.0_20260124_033749,transfer,120,4.8,4.4,0.009774305555555522,0.0420833333333333,0.6429166666666667,1.09
6n-10s-qbft-v25.12.0_20260124_033749,transfer,130,5.0,9.78,0.009774305555555522,0.0420833333333333,0.6429166666666667,1.09
6n-15s-ibft-v25.10.0_20260124_141512,open,160,47.3,9.05,0.1316145833333333,0.2141666666666666,0.6299166666666667,1.11
6n-15s-ibft-v25.10.0_20260124_141512,open,180,66.9,10.4,0.1316145833333333,0.2141666666666666,0.6299166666666667,1.11
6n-15s-ibft-v25.10.0_20260124_141512,open,200,50.0,6.59,0.1316145833333333,0.2141666666666666,0.6299166666666667,1.11
6n-15s-ibft-v25.10.0_20260124_141512,open,220,63.8,11.63,0.1316145833333333,0.2141666666666666,0.6299166666666667,1.11
6n-15s-ibft-v25.10.0_20260124_141512,query,500,501.0,0.0,0.005416666666666629,0.0179166666666666,0.6716666666666669,1.12
6n-15s-ibft-v25.10.0_20260124_141512,query,600,594.9,0.0,0.005416666666666629,0.0179166666666666,0.6716666666666669,1.12
6n-15s-ibft-v25.10.0_20260124_141512,query,700,580.7,0.0,0.005416666666666629,0.0179166666666666,0.6716666666666669,1.12
6n-15s-ibft-v25.10.0_20260124_141512,query,800,596.7,0.0,0.005416666666666629,0.0179166666666666,0.6716666666666669,1.12
6n-15s-ibft-v25.10.0_20260124_141512,transfer,100,4.7,10.4,0.022326388888888864,0.16125,0.6781666666666667,1.11
6n-15s-ibft-v25.10.0_20260124_141512,transfer,110,4.9,10.08,0.022326388888888864,0.16125,0.6781666666666667,1.11
6n-15s-ibft-v25.10.0_20260124_141512,transfer,120,5.6,8.79,0.022326388888888864,0.16125,0.6781666666666667,1.11
6n-15s-ibft-v25.10.0_20260124_141512,transfer,130,4.7,10.34,0.022326388888888864,0.16125,0.6781666666666667,1.11
6n-15s-qbft-v25.10.0_20260124_142451,open,160,46.9,9.59,0.14442708333333332,0.2625,0.6385000000000001,1.07
6n-15s-qbft-v25.10.0_20260124_142451,open,180,49.1,7.58,0.14442708333333332,0.2625,0.6385000000000001,1.07
6n-15s-qbft-v25.10.0_20260124_142451,open,200,67.2,10.68,0.14442708333333332,0.2625,0.6385000000000001,1.07
6n-15s-qbft-v25.10.0_20260124_142451,open,220,92.7,6.76,0.14442708333333332,0.2625,0.6385000000000001,1.07
6n-15s-qbft-v25.10.0_20260124_142451,query,500,501.5,0.0,0.005833333333333292,0.0129166666666666,0.6459166666666667,1.09
6n-15s-qbft-v25.10.0_20260124_142451,query,600,578.4,0.0,0.005833333333333292,0.0129166666666666,0.6459166666666667,1.09
6n-15s-qbft-v25.10.0_20260124_142451,query,700,595.9,0.0,0.005833333333333292,0.0129166666666666,0.6459166666666667,1.09
6n-15s-qbft-v25.10.0_20260124_142451,query,800,614.6,0.0,0.005833333333333292,0.0129166666666666,0.6459166666666667,1.09
6n-15s-qbft-v25.10.0_20260124_142451,transfer,100,5.0,9.73,0.012378472222222181,0.10625,0.647125,1.08
6n-15s-qbft-v25.10.0_20260124_142451,transfer,110,4.8,10.11,0.012378472222222181,0.10625,0.647125,1.08
6n-15s-qbft-v25.10.0_20260124_142451,transfer,120,4.8,10.19,0.012378472222222181,0.10625,0.647125,1.08
6n-15s-qbft-v25.10.0_20260124_142451,transfer,130,5.0,9.78,0.012378472222222181,0.10625,0.647125,1.08
6n-5s-ibft-v25.12.0_20260124_031259,open,160,77.8,8.14,0.09592013888888884,0.2933333333333333,0.6766666666666666,1.12
6n-5s-ibft-v25.12.0_20260124_031259,open,180,104.0,4.04,0.09592013888888884,0.2933333333333333,0.6766666666666666,1.12
6n-5s-ibft-v25.12.0_20260124_031259,open,200,106.8,4.71,0.09592013888888884,0.2933333333333333,0.6766666666666666,1.12
6n-5s-ibft-v25.12.0_20260124_031259,open,220,100.8,5.92,0.09592013888888884,0.2933333333333333,0.6766666666666666,1.12
6n-5s-ibft-v25.12.0_20260124_031259,query,500,501.3,0.0,0.006788194444444405,0.0170833333333333,0.6499583333333333,1.15
6n-5s-ibft-v25.12.0_20260124_031259,query,600,588.6,0.0,0.006788194444444405,0.0170833333333333,0.6499583333333333,1.15
6n-5s-ibft-v25.12.0_20260124_031259,query,700,590.7,0.0,0.006788194444444405,0.0170833333333333,0.6499583333333333,1.15
6n-5s-ibft-v25.12.0_20260124_031259,query,800,595.2,0.0,0.006788194444444405,0.0170833333333333,0.6499583333333333,1.15
6n-5s-ibft-v25.12.0_20260124_031259,transfer,100,9.4,5.05,0.03583333333333329,0.4408333333333333,0.64175,1.14
6n-5s-ibft-v25.12.0_20260124_031259,transfer,110,9.4,3.41,0.03583333333333329,0.4408333333333333,0.64175,1.14
6n-5s-ibft-v25.12.0_20260124_031259,transfer,120,9.5,4.42,0.03583333333333329,0.4408333333333333,0.64175,1.14
6n-5s-ibft-v25.12.0_20260124_031259,transfer,130,53.1,0.75,0.03583333333333329,0.4408333333333333,0.64175,1.14
6n-5s-qbft-v25.12.0_20260124_024916,open,160,84.9,6.99,0.10184027777777775,0.3779166666666667,0.67875,1.1
6n-5s-qbft-v25.12.0_20260124_024916,open,180,102.3,4.16,0.10184027777777775,0.3779166666666667,0.67875,1.1
6n-5s-qbft-v25.12.0_20260124_024916,open,200,109.1,4.14,0.10184027777777775,0.3779166666666667,0.67875,1.1
6n-5s-qbft-v25.12.0_20260124_024916,open,220,103.9,5.74,0.10184027777777775,0.3779166666666667,0.67875,1.1
6n-5s-qbft-v25.12.0_20260124_024916,query,500,501.0,0.0,0.007569444444444396,0.0241666666666666,0.6841249999999999,1.12
6n-5s-qbft-v25.12.0_20260124_024916,query,600,591.0,0.0,0.007569444444444396,0.0241666666666666,0.6841249999999999,1.12
6n-5s-qbft-v25.12.0_20260124_024916,query,700,603.5,0.0,0.007569444444444396,0.0241666666666666,0.6841249999999999,1.12
6n-5s-qbft-v25.12.0_20260124_024916,query,800,595.9,0.0,0.007569444444444396,0.0241666666666666,0.6841249999999999,1.12
6n-5s-qbft-v25.12.0_20260124_024916,transfer,100,9.4,4.95,0.019322916666666638,0.17125,0.6548333333333334,1.12
6n-5s-qbft-v25.12.0_20260124_024916,transfer,110,9.4,3.37,0.019322916666666638,0.17125,0.6548333333333334,1.12
6n-5s-qbft-v25.12.0_20260124_024916,transfer,120,9.3,3.39,0.019322916666666638,0.17125,0.6548333333333334,1.12
6n-5s-qbft-v25.12.0_20260124_024916,transfer,130,10.0,4.83,0.019322916666666638,0.17125,0.6548333333333334,1.12
8n-10s-ibft-v25.12.0_20260124_041322,open,160,51.0,14.65,0.08484374999999997,0.2691666666666666,0.685,1.09
8n-10s-ibft-v25.12.0_20260124_041322,open,180,60.1,12.14,0.08484374999999997,0.2691666666666666,0.685,1.09
8n-10s-ibft-v25.12.0_20260124_041322,open,200,66.4,7.22,0.08484374999999997,0.2691666666666666,0.685,1.09
8n-10s-ibft-v25.12.0_20260124_041322,open,220,75.0,9.37,0.08484374999999997,0.2691666666666666,0.685,1.09
8n-10s-ibft-v25.12.0_20260124_041322,query,500,501.0,0.0,0.004440104166666625,0.0104166666666666,0.7096562499999999,1.18
8n-10s-ibft-v25.12.0_20260124_041322,query,600,574.1,0.0,0.004440104166666625,0.0104166666666666,0.7096562499999999,1.18
8n-10s-ibft-v25.12.0_20260124_041322,query,700,607.9,0.0,0.004440104166666625,0.0104166666666666,0.7096562499999999,1.18
8n-10s-ibft-v25.12.0_20260124_041322,query,800,584.8,0.0,0.004440104166666625,0.0104166666666666,0.7096562499999999,1.18
8n-10s-ibft-v25.12.0_20260124_041322,transfer,100,5.6,8.65,0.00835937499999996,0.06375,0.7128125,1.18
8n-10s-ibft-v25.12.0_20260124_041322,transfer,110,5.0,9.85,0.00835937499999996,0.06375,0.7128125,1.18
8n-10s-ibft-v25.12.0_20260124_041322,transfer,120,6.0,8.11,0.00835937499999996,0.06375,0.7128125,1.18
8n-10s-ibft-v25.12.0_20260124_041322,transfer,130,4.8,8.63,0.00835937499999996,0.06375,0.7128125,1.18
8n-10s-qbft-v25.12.0_20260124_034647,open,160,51.3,13.38,0.07455729166666662,0.3333333333333333,0.637481689453125,0.9404296875
8n-10s-qbft-v25.12.0_20260124_034647,open,180,65.3,7.95,0.07455729166666662,0.3333333333333333,0.637481689453125,0.9404296875
8n-10s-qbft-v25.12.0_20260124_034647,open,200,76.2,8.85,0.07455729166666662,0.3333333333333333,0.637481689453125,0.9404296875
8n-10s-qbft-v25.12.0_20260124_034647,open,220,71.0,7.35,0.07455729166666662,0.3333333333333333,0.637481689453125,0.9404296875
8n-10s-qbft-v25.12.0_20260124_034647,query,500,501.3,0.0,0.006953124999999956,0.0237499999999999,0.6607666015625,0.951171875
8n-10s-qbft-v25.12.0_20260124_034647,query,600,600.6,0.0,0.006953124999999956,0.0237499999999999,0.6607666015625,0.951171875
8n-10s-qbft-v25.12.0_20260124_034647,query,700,581.1,0.0,0.006953124999999956,0.0237499999999999,0.6607666015625,0.951171875
8n-10s-qbft-v25.12.0_20260124_034647,query,800,577.0,0.0,0.006953124999999956,0.0237499999999999,0.6607666015625,0.951171875
8n-10s-qbft-v25.12.0_20260124_034647,transfer,100,28.6,1.49,0.009947916666666626,0.0770833333333333,0.626678466796875,0.9580078125
8n-10s-qbft-v25.12.0_20260124_034647,transfer,110,4.9,10.01,0.009947916666666626,0.0770833333333333,0.626678466796875,0.9580078125
8n-10s-qbft-v25.12.0_20260124_034647,transfer,120,5.4,8.96,0.009947916666666626,0.0770833333333333,0.626678466796875,0.9580078125
8n-10s-qbft-v25.12.0_20260124_034647,transfer,130,4.9,6.29,0.009947916666666626,0.0770833333333333,0.626678466796875,0.9580078125
8n-5s-ibft-v25.12.0_20260124_032052,open,160,74.5,8.95,0.15084635416666664,0.3008333333333333,0.7088125000000001,1.14
8n-5s-ibft-v25.12.0_20260124_032052,open,180,92.0,5.37,0.15084635416666664,0.3008333333333333,0.7088125000000001,1.14
8n-5s-ibft-v25.12.0_20260124_032052,open,200,91.6,5.99,0.15084635416666664,0.3008333333333333,0.7088125000000001,1.14
8n-5s-ibft-v25.12.0_20260124_032052,open,220,90.8,6.58,0.15084635416666664,0.3008333333333333,0.7088125000000001,1.14
8n-5s-ibft-v25.12.0_20260124_032052,query,500,501.3,0.0,0.010117187499999953,0.0329166666666666,0.73134375,1.24
8n-5s-ibft-v25.12.0_20260124_032052,query,600,592.4,0.0,0.010117187499999953,0.0329166666666666,0.73134375,1.24
8n-5s-ibft-v25.12.0_20260124_032052,query,700,606.1,0.0,0.010117187499999953,0.0329166666666666,0.73134375,1.24
8n-5s-ibft-v25.12.0_20260124_032052,query,800,592.8,0.0,0.010117187499999953,0.0329166666666666,0.73134375,1.24
8n-5s-ibft-v25.12.0_20260124_032052,transfer,100,21.5,2.07,0.008958333333333297,0.0366666666666666,0.73325,1.24
8n-5s-ibft-v25.12.0_20260124_032052,transfer,110,9.6,4.95,0.008958333333333297,0.0366666666666666,0.73325,1.24
8n-5s-ibft-v25.12.0_20260124_032052,transfer,120,9.3,1.65,0.008958333333333297,0.0366666666666666,0.73325,1.24
8n-5s-ibft-v25.12.0_20260124_032052,transfer,130,10.5,4.55,0.008958333333333297,0.0366666666666666,0.73325,1.24
8n-5s-qbft-v25.12.0_20260124_025703,open,160,67.8,8.92,0.07803385416666662,0.3795833333333333,0.707875,1.1
8n-5s-qbft-v25.12.0_20260124_025703,open,180,100.6,4.6,0.07803385416666662,0.3795833333333333,0.707875,1.1
8n-5s-qbft-v25.12.0_20260124_025703,open,200,104.6,4.46,0.07803385416666662,0.3795833333333333,0.707875,1.1
8n-5s-qbft-v25.12.0_20260124_025703,open,220,104.8,5.25,0.07803385416666662,0.3795833333333333,0.707875,1.1
8n-5s-qbft-v25.12.0_20260124_025703,query,500,501.3,0.0,0.009479166666666629,0.0191666666666666,0.7163437500000001,1.11
8n-5s-qbft-v25.12.0_20260124_025703,query,600,598.4,0.0,0.009479166666666629,0.0191666666666666,0.7163437500000001,1.11
8n-5s-qbft-v25.12.0_20260124_025703,query,700,630.1,0.0,0.009479166666666629,0.0191666666666666,0.7163437500000001,1.11
8n-5s-qbft-v25.12.0_20260124_025703,query,800,599.9,0.0,0.009479166666666629,0.0191666666666666,0.7163437500000001,1.11
8n-5s-qbft-v25.12.0_20260124_025703,transfer,100,15.9,2.88,0.006341145833333287,0.0358333333333333,0.7180312500000001,1.11
8n-5s-qbft-v25.12.0_20260124_025703,transfer,110,9.5,3.64,0.006341145833333287,0.0358333333333333,0.7180312500000001,1.11
8n-5s-qbft-v25.12.0_20260124_025703,transfer,120,9.1,2.44,0.006341145833333287,0.0358333333333333,0.7180312500000001,1.11
8n-5s-qbft-v25.12.0_20260124_025703,transfer,130,12.3,3.88,0.006341145833333287,0.0358333333333333,0.7180312500000001,1.11
